score,bit_score,e_value,alignment,position,query_coverage,pct_identity
12,12.1065,523.9548,"('TTGCAA', 'TTGCAA')","(616, 844)",0.25630072618539085,100.0
29,27.4352,0.0127,"('TTAAAAACGACCTTGTTTCTAC', 'TAAAAAACACCCTTGTTTCTAC')","(2339, 862)",0.9397693293464331,86.36363636363636
12,12.1065,523.9548,"('TTGCAA', 'TTGCAA')","(616, 844)",0.25630072618539085,100.0
29,27.4352,0.0127,"('TTAAAAACGACCTTGTTTCTAC', 'TAAAAAACACCCTTGTTTCTAC')","(2339, 862)",0.9397693293464331,86.36363636363636
3134,2827.1652,0.0,"('GAATAAAAGAACTAAGAAATCTAATGTCGCAGTCTCGCACCCGCGAGATACTCACAAAAACCACCGTGGACCATATGGCCATAATCAAGAAGTACACATCAGGAAGACAGGAGAAGAACCCAGCACTTAGGATGAAATGGATGATGGCAATGAAATATCCAATTACAGCAGACAAGAGGATAACGGAAATGATTCCTGAGAGAAATGAGCAAGGACAAACTTTATGGAGTAAAATGAATGATGCCGGATCAGACCGAGTGATGGTATCACCTCTGGCTGTGACATGGTGGAATAGGAATGGACCAATGACAAATACAGTTCATTATCCAAAAATCTACAAAACTTATTTTGAAAGAGTCGAAAGGCTAAAGCATGGAACCTTTGGCCCTGTCCATTTTAGAAACCAAGTCAAAATACGTCGGAGAGTTGACATAAATCCTGGTCATGCAGATCTCAGTGCCAAGGAGGCACAGGATGTAATCATGGAAGTTGTTTTCCCTAACGAAGTGGGAGCCAGGATACTAACATCGGAATCGCAACTAACGATAACCAAAGAGAAGAAAGAAGAACTCCAGGATTGCAAAATTTCTCCTTTGATGGTTGCATACATGTTGGAGAGAGAACTGGTCCGCAAAACGAGATTCCTCCCAGTGGCTGGTGGAACAAGCAGTGTGTACATTGAAGTGTTGCATTTGACTCAAGGAACATGCTGGGAACAGATGTATACTCCAGGAGGGGAAGTGAAGAATGATGATGTTGATCAAAGCTTGATTATTGCTGCTAGGAACATAGTGAGAAGAGCTGCAGTATCAGCAGACCCACTAGCATCTTTATTGGAGATGTGCCACAGCACACAGATTGGTGGAATTAGGATGGTAGACATCCTTAAGCAGAACCCAACAGAAGAGCAAGCCGTGGGTATATGCAAGGCTGCAATGGGACTGAGAATTAGCTCATCCTTCAGTTTTGGTGGATTCACATTTAAGAGAACAAGCGGATCATCAGTCAAGAGAGAGGAAGAGGTGCTTACGGGCAATCTTCAAACATTGAAGATAAGAGTGCATGAGGGATATGAAGAGTTCACAATGGTTGGGAGAAGAGCAACAGCCATACTCAGAAAAGCAACCAGGAGATTGATTCAGCTGATAGTGAGTGGGAGAGACGAACAGTCGATTGCCGAAGCAATAATTGTGGCCATGGTATTTTCACAAGAGGATTGTATGATAAAAGCAGTTAGAGGTGATCTGAATTTCGTCAATAGGGCGAATCAGCGACTGAATCCTATGCATCAACTTTTAAGACATTTTCAGAAGGATGCGAAAGTGCTTTTTCAAAATTGGGGAGTTGAACCTATCGACAATGTGATGGGAATGATTGGGATATTGCCCGACATGACTCCAAGCATCGAGATGTCAATGAGAGGAGTGAGAATCAGCAAAATGGGTGTAGATGAGTACTCCAGCACGGAGAGGGTAGTGGTGAGCATTGACCGGTTCTTGAGAGTCCGGGACCAACGAGGAAATGTACTACTGTCTCCCGAGGAGGTCAGTGAAACACAGGGAACAGAGAAACTGACAATAACTTACTCATCGTCAATGATGTGGGAGATTAATGGTCCTGAATCAGTGTTGGTCAATACCTATCAATGGATCATCAGAAACTGGGAAACTGTTAAAATTCAGTGGTCCCAGAACCCTACAATGCTATACAATAAAATGGAATTTGAACCATTTCAGTCTTTAGTACCTAAGGCCATTAGAGGCCAATACAGTGGGTTTGTGAGAACTCTGTTCCAACAAATGAGGGATGTGCTTGGGACATTTGATACCGCACAGATAATAAAACTTCTTCCCTTCGCAGCCGCTCCACCAAAGCAAAGTAGAATGCAGTTCTCCTCATTTACTGTGAATGTGAGGGGATCAGGAATGAGAATACTTGTAAGGGGCAATTCTCCTGTATTCAACTACAACAAGGCCACGAAGAGACTCACAGTTCTCGGAAAGGATGCTGGCACTTTAACCGAAGACCCAGATGAAGGCACAGCTGGAGTGGAGTCCGCTGTTCTGAGGGGATTCCTCATTCTGGGCAAAGAAGACAGGAGATATGGGCCAGCATTAAGCATCAATGAACTGAGCAACCTTGCGAAAGGAGAGAAGGCTAATGTGCTAATTGGGCAAGGAGACGTGGTGTTGGTAATGAAACGAAAACGGGACTCTAGCATACTTACTGACAGCCAGACAGCGACCAAAAGAATTCGGATGGCCATCAATTA', 'GAATAAAAGAACTACGGAATCTAATGTCGCAGTCTCGCACCCGCGAGATACTAACAAAAACCACAGTGGACCATATGGCCATAATTAAGAAGTACACATCGGGGAGACAGGAAAAGAACCCGTCACTTAGGATGAAATGGATGATGGCAATGAAATATCCAATTACTGCTGACAAAAGGATAACAGAAATGGTTCCGGAGAGAAATGAACAAGGACAAACCCTATGGAGTAAAATGAGTGATGCTGGGTCAGATAGAGTGATGGTATCACCTTTGGCTGTAACATGGTGGAATAGAAATGGGCCCGTGACAAATACGGTCCATTACCCAAAAGTGTACAAAACTTATTTTGACAAAGTCGAAAGGTTGAAACATGGAACCTTCGGCCCTGTCCATTTTAGAAACCAAGTCAAAATACGTAGAAGAGTAGACACAAACCCTGGTCATGCAGACCTCAGTGCCAAAGAGGCGCAAGATGTAATTATGGAAGTTGTTTTTCCCAATGAAGTGGGGGCCAGAATACTAACATCAGAATCACAGCTAACAATAACCAAAGAGAAAAAAGAAGAACTCCGAGATTGCAAAATTTCCCCCTTGATGGTCGCATACATGCTAGAGAGAGAACTTGTGCGGAAAACAAGATTTCTCCCAGTTGCTGGCGGAACAAGCAGTATATACATTGAAGTTTTACATTTGACTCAAGGAACGTGTTGGGAACAAATGTACACTCCAGGTGGAGGAGTGAGGAATGACGATGTTGACCAAAGCCTAATTATTGCGGCCAGGAACATAGTGAGAAGAGCCGCAGTGTCAGCAGATCCACTCGCATCTTTATTGGAGATGTGCCACAGCACGCAAATTGGCGGAACAAGGATGGTGGACATTCTTAGGCAGAACCCGACTGAAGAACAAGCTGTGGATATATGCAAAGCTGCAATGGGATTGAGAATCAGCTCATCTTTCAGCTTTGGTGGCTTTACATTTAAAAGAACGAGCGGGTCGTCAGTCAAAAGAGATGAAGAGGTTCTTACAGGAAATCTCCAAACATTGAGAATAAGAATACATGAGGGGTATGAGGAATTCACAATGGTGGGGAAAAGAGCAACAGCTATACTAAGAAAAGCAACCAGAAGACTGGTTCAACTCATAGTGAGTGGAAGAGACGAACAGTCAGTAGCCGAGGCAATAATCGTAGCCATGGTTTTTTCCCAAGAAGATTGCATGATAAAAGCAGTTAGAGGTGACCTGAATTTTGTCAACAGAGCAAATCAGCGGTTGAACCCCATGCATCAGCTTTTAAGGCATTTTCAGAAAGATGCGAAAGTACTCTTTCAAAATTGGGGAGTTGAACACATCGACAGTGTGATGGGAATGGTTGGAGTATTACCAGATATGACTCCAAGCACAGAGATGTCAATGAGAGGAATAAGAGTCAGCAAAATGGGCGTGGATGAATACTCCAGTACAGAGAGGGTGGTGGTTAGCATTGATAGGTTTTTGAGAGTTCGAGACCAACGGGGGAATGTATTGTTATCTCCTGAGGAAGTCAGTGAAACACAAGGAACTGAAAGACTGACCATAACTTATTCATCATCGATGATGTGGGAAATTAATGGGCCTGAGTCGGTTTTGGTCAATACCTATCAATGGATCATCAGGAATTGGGAAGCTATCAAAATTCAGTGGTCTCAGAACCCTGCAATGTTGTACAACAAAATGGAATTTGAACCATTTCAATCTTTAGTCCCCAAGGCCACTAGAAGCCAATACAGTGGGTTTGTCAGAACTCTATTCCAACAAATGAGAGACGTACTTGGGACATTTGACACTGCCCAGATAATAAAGCTTCTCCCTTTTGCAGCTGCTCCACCAAAGCAAAGCAGAATGCAGTTCTCTTCACTGACTGTGAATGTGAGGGGATCAGGGATGAGAATACTTGTAAGGGGCAATTCTCCTGTATTCAACTACAACAAAACCACTAAAAGGCTAACAATTCTTGGAAAAGATGCCGGCACTTTAATTGAAGACCCAGATGAAAGCACATCCGGAGTGGAGTCCGCCGTCTTGAGAGGGTTCCTCATTATAGGTAAAGAAGACAGAAGATACGGACCAGCATTAAGCATCAATGAACTGAGTAACCTTGCAAAAGGGGAAAAGGCTAATGTGTTAATTGGGCAAGGAGACGTGGTGTTGGTAATGAAACGGAAACGGGACTCTAGTATACTTACTGACAGCCAGACAGCGACCAAACGAATTCGGATGGCCATCAATTA')","(2305, 2278)",97.052541648868,87.58802816901408
23,22.025,0.5414,"('TCCAAAAATCTACA', 'TCTAAAAATCTACA')","(372, 595)",0.598035027765912,92.85714285714286
14,13.9099,150.1156,"('ACAAGCAGGGTGTG', 'ACAGGCAG-TTGTG')","(707, 1005)",0.598035027765912,78.57142857142857
27,25.6318,0.0444,"('AGAGCTGCAGTATCAGCAGAC', 'AAAGCTGCATTATTAGCAGAC')","(851, 18990)",0.897052541648868,85.71428571428571
17,16.6149,23.021,"('ATGGTAGGGGGACATCC', 'ATGGTAG---TACATCC')","(918, 6422)",0.7261853908586074,76.47058823529412
14,13.9099,150.1156,"('ACTGAGA', 'ACTGAGA')","(980, 267)",0.299017513882956,100.0
