reference_sequence,score,bit_score,e_value,alignment,position,query_coverage,pct_identity
"H1N1_HA|PZ275794.1 Influenza A virus (A/DE/DPHL-0076-2026/2026(H1N1)) segment 4 hemagglutinin (HA) gene, complete cds",3090,2787.4911,0.0,"('TTTACAACCGCAAATGCAGACACATTATGTATAGGTTATCATGCGAACAATTCAACAGACACTGTGGACACAGTACTAGAAAAGAATGTAACAGTAACACACTCTGTCAATCTTCTAGAAGACAAGCATAACGGAAAACTATGCAAGCTAAGAGGGGTAGCCCCATTGCATTTAGGTCAATGTAACATTGCTGGCTGGATCCTGGGAAATCCAGAGTGTGAATCACTCTCCACAGCAAGATCATGGTCCTACATTGTAGAAACATCTAATTCGGACAATGGAACTTGTTACCCAGGAGATTTCATCAATTATGAGGAGCTAAGAGAGCAATTGAGCTCAGTGTCATCATTTGAAAGGTTTGAAATATTCCCCAAGGCAAGTTCGTGGCCTAATCATGACTCGGACAATGGTGTAACGGCAGCATGTCCTCACGCTGGAGCAAAAAGCTTCTACAAAAACTTGATATGGCTGGTTAAAAAAGGAAAATCATACCCAAAGATCAACCAAACCTACATTAATGATCAAGGGAAAGAAGTCCTCGTGCTGTGGGGCATTCACCATCCACCCACTATTACTGACCAAGAAAGTCTCTATCAGAATGCAGATGCATATGTTTTTGTGGGGACATCAAGATACAGCAAGAAGTTCAAGCCGGAAATAGCAACAAGACCCAAAGTGAGGGATCAAGCAGGGAGAATGGACTATTACTGGACACTAGTAGAACCGGGAGACAAAATAACATTCGAAGCAACTGGTAATCTAGTGGCACCGAGATATGCATTCACAATGGAAAAAGATGCTGGATCTGGTATTATCATTTCAGATACACCAGTCCACGATTGCAATACAACTTGTCAGACACCCGAGGGTGCTATAAACACCAGCCTCCCATTTCAGAATGTACATCCGATCACGATTGGGAAATGTCCAAAGTATGTGAGAAGCACAAAATTGAGACTGGCCACAGGACTGAGGAATGTCCCGTCTATTCAATCTAGAGGCCTGTTCGGGGCCATTGCTGGCTTCATCGAAGGGGGGTGGACAGGGATGGTAGATGGATGGTACGGTTATCACCATCAAAATGAGCAGGGGTCAGGATATGCAGCCGATCTGAAGAGCACACAAAATGCCATTGATAAGATTACCAACAAAGTAAATTCTGTTATTGAAAAGATGAATACACAGTTCACAGCAGTTGGTAAAGAGTTCAACCACCTTGAAAAAAGAATAGAGAATCTAAATAAAAAGGTTGATGATGGTTTCCTGGACGTTTGGACTTACAATGCCGAACTGCTGGTTCTACTGGAAAACGAAAGAACTTTGGACTATCATGATTCAAATGTGAAGAACTTGTATGAAAAAGTAAGAAACCAGTTAAAAAACAATGCTAAGGAAATTGGAAACGGCTGCTTTGAATTTTACCACAAATGCGACAACACATGCATGGAAAGTGTCAAGAATGGGACTTATGACTACCCAAAATACTCAGAGGAAGCAAAATTAAACAGAGAAAAAATAGATGGAGTAAAGCTGGACTCAACAAGGACTTACCAGATCCTGGCAATCTATTCAACTGTTGCCAGTTCATTGGTGCTGGTAGTCTCCCTGGGGGCAATCAGTTTCTGGATGTGCTCCAATGGGTCTCTACAGTGTAGAATATGTATT', 'TTTACAACCGCAAATGCAGACACATTATGTATAGGTTACCATGCGAACAATTCAACAGACACTGTGGACACAGTACTAGAAAAGAATGTAACAGTAACACACTCTGTCAATCTTCTAGAAGACAAGCATAATGGAAAACTATGCAAACTAAGAGGGGTAGCCCCATTGCATTTAGGTCAATGTAACATTGCTGGCTGGATCCTGGGAAATCCAGAGTGTGAATCACTCTCCACAGCAAGGTCATGGTCCTACATTGTGGAAACATCTAATTCAGACAATGGAACGTGTTACCCAGGAGATTTCATCAATTATGAGGAGCTAAGAGAGCAATTGAGCTCAGTGTCATCATTTGAACGGTTTGAAATATTCCCCAAGGCAAGTTCATGGCCTAATCATGACTCGGACAATGGTGTAACGGCAGCATGTTCTCACGCTGGAGCAAGAAGCTTCTACAAAAACTTGATATGGCTGGTTAAAAAAGGGAAATCGTACCCAAAGATCAACCAAACCTACATTAATGATAAAGGGAAAGAAGTCCTCGTGCTGTGGGGCATTCACCATCCACCCACTATTACTGACCAAGAAAGTCTCTATCAGAATGCAGATGCGTATGTTTTTGTGGGGACATCAAGATACAGCAAGAAGTTCAAGCCGGAAATAGCAGCAAGACCCAAAGTGAGGGATCAAGCAGGGAGAATGAACTATTACTGGACACTAGTAGAACCGGGAGACAAAATAACATTCGAAGCAACTGGTAATCTAGTGGCACCGAGGTATGCATTCACAATGGAAAAAGAAGCTGGATCTGGTATTATCATTTCAGATACACCAGTCCACGATTGCAATGCAACTTGTCAGACACCCGAGGGTGCTATAAACACCAGCCTCCCATTTCAAAACGTACATCCGATCACAATTGGGAAATGTCCAAAGTATGTAAGAAGCACAAAACTGAGGCTGGCCACAGGACTGAGGAATGTCCCGTCTATTCAATCTAGAGGCCTATTCGGGGCCATTGCTGGCTTCATCGAAGGGGGATGGACAGGGATGGTCGATGGATGGTACGGTTATCACCATCAAAATGATCAGGGATCAGGATATGCAGCTGATCTGAAGAGCACACAAAATGCCGTTGATAAGATTACCAACAAAGTAAATTCTGTTATTGAAAAGATGAATACACAGTTCACAGCAGTTGGTAAAGAGTTCAACCACCTTGAAAAAAGAATAGAAAATCTAAATAAAAAGGTTGATGATGGTTTCCTGGACGTTTGGACTTACAATGCCGAACTGCTGGTTCTACTGGAAAATGAAAGAACTTTGGACTATCACGATTCAAATGTGAAGAACTTGTATGAAAAAGTAAGACACCAGTTAAAAAACAATGCCAAGGAAACTGGAAACGGCTGCTTTGAATTTTACCACAAATGCGACAACACATGCATGGAAAGTGTCAAGAATGGGACTTATGACTACCCAAAATACTCAGAGGAAGCAAAATTGAACAGAGAAAAAATAGATGGAGTAAAGCTGGACTCAACAAGGGTTTACCAGATTTTGGCAATCTATTCAACTGCTGCCAGTTCATTGGTACTGGTAGTCTCCCTGGGGGCAATCAGCTTCTGGATGTGCTCTAATGGGTCTCTACAGTGTAGAATATGTATT')","(1664, 1697)",99.88002399520096,97.11711711711712
"H1N1_HA|PZ281607.1 Influenza A virus (A/Washington/GKISBBBI80283/2026(H1N1)) segment 4 hemagglutinin (HA) gene, complete cds",3075,2773.9658,0.0,"('TTTACAACCGCAAATGCAGACACATTATGTATAGGTTATCATGCGAACAATTCAACAGACACTGTGGACACAGTACTAGAAAAGAATGTAACAGTAACACACTCTGTCAATCTTCTAGAAGACAAGCATAACGGAAAACTATGCAAGCTAAGAGGGGTAGCCCCATTGCATTTAGGTCAATGTAACATTGCTGGCTGGATCCTGGGAAATCCAGAGTGTGAATCACTCTCCACAGCAAGATCATGGTCCTACATTGTAGAAACATCTAATTCGGACAATGGAACTTGTTACCCAGGAGATTTCATCAATTATGAGGAGCTAAGAGAGCAATTGAGCTCAGTGTCATCATTTGAAAGGTTTGAAATATTCCCCAAGGCAAGTTCGTGGCCTAATCATGACTCGGACAATGGTGTAACGGCAGCATGTCCTCACGCTGGAGCAAAAAGCTTCTACAAAAACTTGATATGGCTGGTTAAAAAAGGAAAATCATACCCAAAGATCAACCAAACCTACATTAATGATCAAGGGAAAGAAGTCCTCGTGCTGTGGGGCATTCACCATCCACCCACTATTACTGACCAAGAAAGTCTCTATCAGAATGCAGATGCATATGTTTTTGTGGGGACATCAAGATACAGCAAGAAGTTCAAGCCGGAAATAGCAACAAGACCCAAAGTGAGGGATCAAGCAGGGAGAATGGACTATTACTGGACACTAGTAGAACCGGGAGACAAAATAACATTCGAAGCAACTGGTAATCTAGTGGCACCGAGATATGCATTCACAATGGAAAAAGATGCTGGATCTGGTATTATCATTTCAGATACACCAGTCCACGATTGCAATACAACTTGTCAGACACCCGAGGGTGCTATAAACACCAGCCTCCCATTTCAGAATGTACATCCGATCACGATTGGGAAATGTCCAAAGTATGTGAGAAGCACAAAATTGAGACTGGCCACAGGACTGAGGAATGTCCCGTCTATTCAATCTAGAGGCCTGTTCGGGGCCATTGCTGGCTTCATCGAAGGGGGGTGGACAGGGATGGTAGATGGATGGTACGGTTATCACCATCAAAATGAGCAGGGGTCAGGATATGCAGCCGATCTGAAGAGCACACAAAATGCCATTGATAAGATTACCAACAAAGTAAATTCTGTTATTGAAAAGATGAATACACAGTTCACAGCAGTTGGTAAAGAGTTCAACCACCTTGAAAAAAGAATAGAGAATCTAAATAAAAAGGTTGATGATGGTTTCCTGGACGTTTGGACTTACAATGCCGAACTGCTGGTTCTACTGGAAAACGAAAGAACTTTGGACTATCATGATTCAAATGTGAAGAACTTGTATGAAAAAGTAAGAAACCAGTTAAAAAACAATGCTAAGGAAATTGGAAACGGCTGCTTTGAATTTTACCACAAATGCGACAACACATGCATGGAAAGTGTCAAGAATGGGACTTATGACTACCCAAAATACTCAGAGGAAGCAAAATTAAACAGAGAAAAAATAGATGGAGTAAAGCTGGACTCAACAAGGACTTACCAGATCCTGGCAATCTATTCAACTGTTGCCAGTTCATTGGTGCTGGTAGTCTCCCTGGGGGCAATCAGTTTCTGGATGTGCTCCAATGGGTCTCTACAGTGTAGAATATGTATT', 'TTTACAACCGCAAATGCAGACACATTATGTATAGGTTATCATGCGAACAATTCAACAGACACTGTGGACACAGTACTAGAAAAGAATGTAACAGTAACACACTCTGTCAATCTTCTAGAAGACAAGCATAACGGAAAACTATGCAAACTAAGAGGGGTAGCCCCATTGCATTTGGGTCAATGTAACATTGCTGGCTGGATCCTGGGAAATCCAGAGTGTGAATCACTATCCACAGCAAGGTCATGGTCCTACATTGTGGAAACATCTAATTCAGACAATGGAACGTGTTACCCAGGAGATTTCATCAATTATGAGGAGCTAAGAGAGCAATTGAGCTCAGTGTCATCATTTGAAAAGTTTGAAATATTCCCCAAGGCAAGTTCATGGCCTAATCATGACTCGGACAATGGTGTAACGGCAGCATGTTCTCACGATGGAGCAAGAAGCTTCTACAAAAACTTGATATGGCTGGTTAAAAAAGGAAAATCGTACCCAAAGATCAACCAAACCTACATTAATGACAAAGGGAAAGAAGTCCTCGTGCTGTGGGGCATTCACCATCCACCCACTATTACTGACCAAGAAAGTCTCTATCAGAATGCAGATGCGTATGTTTTTGTGGGGACATCAAGATACAGCAAGAAGTTCAAGCCGGAAATAGCAGCAAGACCCAAAGTGAGGGATCAAGCAGGGAGAATGAACTATTACTGGACACTAGTAGAACCGGGAGACAAAATAACATTCGAAGCAACTGGTAATCTAGTGGCACCGAGGTATGCATTCACAATGGAAAAAGAAGCTGGATCTGGTATTATCATTTCAGATACACCAGTCCACGATTGCAATGCAACTTGTCAGACACCCAAGGGTGCTATAAACACCAGCCTCCCATTTCAAAATGTACATCCGATCACGATTGGGGAATGTCCAAAGTATGTAAGAAGCACAAAACTGAGGCTGGCCACAGGATTGAGGAATGTCCCGTCTATTCAATCTAGAGGCCTATTCGGGGCCATTGCTGGCTTCATCGAAGGGGGGTGGACAGGAATGGTTGATGGATGGTACGGTTATCACCATCAAAATGATCAGGGATCAGGATATGCAGCCGATCTGAAGAGCACACAAAATGCCGTCGATAAGATTACCAACAAAGTAAATTCTGTTATTGAAAAGATGAATACACAGTTCACAGCAGTTGGTAAAGAGTTCAACCACCTTGAAAAAAGAATAGAAAATCTAAATAAAAAGGTTGATGATGGTTTCCTGGACGTTTGGACTTACAATGCCGAACTGCTGGTTCTACTGGAAAATGAAAGAACTTTGGACTATCACGATTCAAATGTGAAGAACTTGTATGAAAAAGTAAGACACCAGTTAAAAAACAATGCCAAGGAAACTGGAAACGGCTGCTTTGAATTTTACCACAAATGCGACAACACATGCATGGAAAGTGTCAAGAATGGAACTTATGACTACCCAAAATACTCAGAGGAAGCAAAATTGAACAGAGAAAAAATAGATGGAGTAAAGCTGGACTCAACAAGGATTTACCAGATTTTGGCAATCTATTCAACTGCTGCCAGTTCATTGGTACTGGTAGTCTCCCTGGGGGCAATCAGCTTCTGGATGTGCTCTAATGGGTCTCTACAGTGCAGAATATGTATT')","(1664, 1728)",99.88002399520096,96.93693693693693
"H1N1_HA|PZ275540.1 Influenza A virus (A/California/LACPHL-INF02588/2026(H1N1)) segment 4 hemagglutinin (HA) gene, complete cds",3070,2769.4574,0.0,"('TTTACAACCGCAAATGCAGACACATTATGTATAGGTTATCATGCGAACAATTCAACAGACACTGTGGACACAGTACTAGAAAAGAATGTAACAGTAACACACTCTGTCAATCTTCTAGAAGACAAGCATAACGGAAAACTATGCAAGCTAAGAGGGGTAGCCCCATTGCATTTAGGTCAATGTAACATTGCTGGCTGGATCCTGGGAAATCCAGAGTGTGAATCACTCTCCACAGCAAGATCATGGTCCTACATTGTAGAAACATCTAATTCGGACAATGGAACTTGTTACCCAGGAGATTTCATCAATTATGAGGAGCTAAGAGAGCAATTGAGCTCAGTGTCATCATTTGAAAGGTTTGAAATATTCCCCAAGGCAAGTTCGTGGCCTAATCATGACTCGGACAATGGTGTAACGGCAGCATGTCCTCACGCTGGAGCAAAAAGCTTCTACAAAAACTTGATATGGCTGGTTAAAAAAGGAAAATCATACCCAAAGATCAACCAAACCTACATTAATGATCAAGGGAAAGAAGTCCTCGTGCTGTGGGGCATTCACCATCCACCCACTATTACTGACCAAGAAAGTCTCTATCAGAATGCAGATGCATATGTTTTTGTGGGGACATCAAGATACAGCAAGAAGTTCAAGCCGGAAATAGCAACAAGACCCAAAGTGAGGGATCAAGCAGGGAGAATGGACTATTACTGGACACTAGTAGAACCGGGAGACAAAATAACATTCGAAGCAACTGGTAATCTAGTGGCACCGAGATATGCATTCACAATGGAAAAAGATGCTGGATCTGGTATTATCATTTCAGATACACCAGTCCACGATTGCAATACAACTTGTCAGACACCCGAGGGTGCTATAAACACCAGCCTCCCATTTCAGAATGTACATCCGATCACGATTGGGAAATGTCCAAAGTATGTGAGAAGCACAAAATTGAGACTGGCCACAGGACTGAGGAATGTCCCGTCTATTCAATCTAGAGGCCTGTTCGGGGCCATTGCTGGCTTCATCGAAGGGGGGTGGACAGGGATGGTAGATGGATGGTACGGTTATCACCATCAAAATGAGCAGGGGTCAGGATATGCAGCCGATCTGAAGAGCACACAAAATGCCATTGATAAGATTACCAACAAAGTAAATTCTGTTATTGAAAAGATGAATACACAGTTCACAGCAGTTGGTAAAGAGTTCAACCACCTTGAAAAAAGAATAGAGAATCTAAATAAAAAGGTTGATGATGGTTTCCTGGACGTTTGGACTTACAATGCCGAACTGCTGGTTCTACTGGAAAACGAAAGAACTTTGGACTATCATGATTCAAATGTGAAGAACTTGTATGAAAAAGTAAGAAACCAGTTAAAAAACAATGCTAAGGAAATTGGAAACGGCTGCTTTGAATTTTACCACAAATGCGACAACACATGCATGGAAAGTGTCAAGAATGGGACTTATGACTACCCAAAATACTCAGAGGAAGCAAAATTAAACAGAGAAAAAATAGATGGAGTAAAGCTGGACTCAACAAGGACTTACCAGATCCTGGCAATCTATTCAACTGTTGCCAGTTCATTGGTGCTGGTAGTCTCCCTGGGGGCAATCAGTTTCTGGATGTGCTCCAATGGGTCTCTACAGTGTAGAATATGTATT', 'TTTACAACCGCAAATGCAGACACATTATGTATAGGTTATCATGCGAACAATTCAACAGACACTGTGGACACAGTACTAGAAAAGAATGTAACAGTAACACACTCTGCCAATCTTCTAGAAGACAAGCATAACGGAAAACTATGCAAACTAAGAGGGGTAGCCCCATTGCATTTGGGTCAATGTAACATTGCTGGCTGGATCCTGGGAAATCCAGAGTGTGAATCACTATCCACAGCAAGGTCATGGTCCTACATTGTGGAAACATCTAATTCAGACAATGGAACGTGTTACCCAGGAGATTTCATCAATTATGAGGAGCTAAGAGAGCAATTGAGCTCAGTGTCATCATTTGAAAAGTTTGAAATATTCCCCAAGGCAAGTTCATGGCCTAATCATGACTCGGACAATGGTGTAACGGCAGCATGTTCTCACGATGGAGCAAGAAGCTTCTACAAAAACTTGATATGGCTGGTTAAAAAAGGAAAATCGTACCCAAAGATCAACCAAACCTACATTAATGACAAAGGGAAAGAAGTCCTCGTGCTGTGGGGCATTCACCATCCACCCACTATTACTGACCAAGAAAGTCTCTATCAGAATGCAGATGCGTATGTTTTTGTGGGGACATCAAGATACAGCAAGAAGTTCAAGCCGGAAATAGCAGCAAGACCCAAAGTGAGGGATCAAGCAGGGAGAATGAACTATTACTGGACACTAGTAGAACCGGGAGACAAAATAACATTCGAAGCAACTGGTAATCTAGTGGCACCGAGGTATGCATTCACAATGGAAAAAGAAGCTGGATCTGGAATTATCATTTCAGATACACCAGTCCACGATTGCAATGCAACTTGTCAGACACCCAAGGGTGCTATAAACACCAGCCTCCCATTTCAAAATGTACATCCGATCACGATTGGGGAATGTCCAAAGTATGTAAGAAGCACAAAACTGAGGCTGGCCACAGGATTGAGGAATGTCCCGTCTATTCAATCTAGAGGCCTATTCGGGGCCATTGCTGGCTTCATCGAAGGGGGGTGGACAGGAATGGTTGATGGATGGTACGGTTATCACCATCAAAATGATCAGGGATCAGGATATGCAGCCGATCTGAAGAGCACACAAAATGCCGTTGATAAGATTACCAACAAAGTAAATTCTGTTATTGAAAAGATGAATACACAGTTCACAGCAGTTGGTAAAGAGTTCAACCACCTTGAAAAAAGAATAGAAAATCTAAATAAAAAGGTTGATGATGGTTTCCTGGACGTTTGGACTTACAATGCCGAACTGCTGGTTCTACTGGAAAATGAAAGAACTTTGGACTATCACGATTCAAATGTGAAGAACTTGTATGAAAAAGTAAGACACCAGTTAAAAAACAATGCCAAGGAAACTGGAAACGGCTGCTTTGAATTTTACCACAAATGCGACAACACATGCATGGAAAGTGTCAAGAATGGAACTTATGACTACCCAAAATACTCAGAGGAAGCAAAATTGAACAGAGAAAAAATAGATGGAGTAAAGCTGGACTCAACAAGGATTTACCAGATTTTGGCAATCTATTCAACTGCTGCCAGTTCATTGGTACTGGTAGTCTCCCTGGGGGCAATCAGCTTCTGGATGTGCTCTAATGGGTCTCTACAGTGCAGAATATGTATT')","(1664, 1697)",99.88002399520096,96.87687687687688
"H5N1_HA|PZ284249.1 Influenza A virus (A/Northern Pintail/AK/26G03230-009-original/2025(H5N1)) segment 4 hemagglutinin (HA) gene, complete cds",441,398.9291,0.0,"('AGAGGCCTGTTCGGGGCCATTGCTGGCTTCATCGAAGGGGGGTGGACAGGGATGGTAGATGGATGGTACGGTTATCACCATCAAAATGAGCAGGGGTCAGGATATGCAGCCGAAATCTGAA-GAGCACACAAAATGCCATTGATTTAAG-ATTACCAACAAAGTAAATTCTGTTATTGAAAAGATGAATACACAGTTCACAGCAGTTGGTAAAGAGTTCAACCACCTTGAAAAAAGAATAGAGAATCTAAATAAAAAGGTTGATGATGGTTTCCTGGACGTTTGGACTTACAATGCCGAACTGCTGGTTCTACTGGAAAACGAAAGAACTTTGGACTATCATGATTCAAATGTGAAGAACTTGTATGAAAAAGTAAGAAACCAGTTAAAAAACAATGCTAAGGAAATTGGAAACGGCTGCTTTGAATTTTACCACAAATGCGACAACACATGCATGGAAAGTGTCAAGAATGGGACTTATGACTACCCAAAATACTCAGAGGAAGCAAAATTAAACAGAGAAAAAATAGATGGAGTAAAGCTGGACTCAACAAGGACTTACCAGATCCTGGCAATCTATTCAACTGTTGCCAGTTCATTGGTGCTGGTAGTCTCCCTGGGGGGGGCAATC--GTTTCTGGATGTGCTCCAATGGGTCTCTACAGTGTAGAATATGTATT', 'AGAGGCCTGTTTGGGGCGATAGCAGGGTTTATAGAGGGAGGATGGCAGGGAATGGTTGATGGTTGGTATGGGTACCACCATAGCAATGAGCAGGGGAGTGGGTACGCTGCAGA-CAAAGAAAATCCACCCAAAAGGCAATAGAT-GGAGGGTTACCAATAAGGTCAACTCAATCATTGACAAAATGAACACTCAATTTGAGGCAGTTGGAAGGGAGTTTAATAACTTAGAAAGGAGGATAGAGAATTTGAACAAGAAAATGGAAGACGGATTCCTAGATGTCTGGACCTATAATGCTGAACTTCTAGTTCTCATGGAAAACGAGAGGACTCTAGATTTCCATGATTCAAATGTCAAGAACCTTTACGACAAAGTCAGACTACAGCTTAGGGATAATGCAAAGGAGCTGGGTAATGGCTGTTTCGAATTCTATCACAAATGCGATAATGAATGTATGGAAAGTGTGAAAAATGGGACATATGACTACCCTCAGTATTCAGAAGAAGCAAGATTAAAAAGAGAAGAAATAAGCGGAGTGAAATTAGAATCAATAGGAACTTACCAGATACTGTCAATTTATTCAACAGCGGCGAGTTCCCTAGCACTGGCAATCATGATGG--TGGTCTATCCCCTTTATGGATGTGCTCCAATGGGTCGTTACAGTGCAGAATTTGCATT')","(1664, 1700)",40.491901619676064,72.7540500736377
"H5N1_HA|PZ284145.1 Influenza A virus (A/Catalina Island Fox/CA/26G02988-001-original/2026(H5N1)) segment 4 hemagglutinin (HA) gene, complete cds",441,398.9291,0.0,"('AGAGGCCTGTTCGGGGCCATTGCTGGCTTCATCGAAGGGGGGTGGACAGGGATGGTAGATGGATGGTACGGTTATCACCATCAAAATGAGCAGGGGTCAGGATATGCAGCCGAAATCTGAA-GAGCACACAAAATGCCATTGATTTAAG-ATTACCAACAAAGTAAATTCTGTTATTGAAAAGATGAATACACAGTTCACAGCAGTTGGTAAAGAGTTCAACCACCTTGAAAAAAGAATAGAGAATCTAAATAAAAAGGTTGATGATGGTTTCCTGGACGTTTGGACTTACAATGCCGAACTGCTGGTTCTACTGGAAAACGAAAGAACTTTGGACTATCATGATTCAAATGTGAAGAACTTGTATGAAAAAGTAAGAAACCAGTTAAAAAACAATGCTAAGGAAATTGGAAACGGCTGCTTTGAATTTTACCACAAATGCGACAACACATGCATGGAAAGTGTCAAGAATGGGACTTATGACTACCCAAAATACTCAGAGGAAGCAAAATTAAACAGAGAAAAAATAGATGGAGTAAAGCTGGACTCAACAAGGACTTACCAGATCCTGGCAATCTATTCAACTGTTGCCAGTTCATTGGTGCTGGTAGTCTCCCTGGGGGGGGCAATC--GTTTCTGGATGTGCTCCAATGGGTCTCTACAGTGTAGAATATGTATT', 'AGAGGCCTGTTTGGGGCGATAGCAGGGTTTATAGAGGGAGGATGGCAGGGAATGGTTGATGGTTGGTATGGGTACCACCATAGCAATGAGCAGGGGAGTGGGTACGCTGCAGA-CAAAGAAAATCCACCCAAAAGGCAATAGAT-GGAGGGTTACCAATAAGGTCAACTCAATCATTGACAAAATGAACACTCAATTTGAGGCAGTTGGAAGGGAGTTTAATAACTTAGAAAGGAGGATAGAGAATTTGAACAAGAAAATGGAAGACGGATTCCTAGATGTCTGGACCTATAATGCTGAACTTCTAGTTCTCATGGAAAACGAGAGGACTCTAGATTTCCATGATTCAAATGTCAAGAACCTTTACGACAAAGTCAGACTACAGCTTAGGGATAATGCAAAGGAGCTGGGTAATGGCTGTTTCGAATTCTATCACAAATGCGATAATGAATGTATGGAAAGTGTGAAAAATGGGACATATGACTACCCTCAGTATTCAGAAGAAGCAAGATTAAAAAGAGAAGAAATAAGCGGAGTGAAATTAGAATCAATAGGAACTTACCAGATACTGTCAATTTATTCAACAGCGGCGAGTTCCCTAGCACTGGCAATCATGATGG--TGGTCTATCCCCTTTATGGATGTGCTCCAATGGGTCGTTACAGTGCAGAATTTGCATT')","(1664, 1700)",40.491901619676064,72.7540500736377
"H5N1_HA|PZ284345.1 Influenza A virus (A/chicken/NY/26G03293-006-original/2026(H5N1)) segment 4 hemagglutinin (HA) gene, complete cds",426,385.4039,0.0,"('AGAGGCCTGTTCGGGGCCATTGCTGGCTTCATCGAAGGGGGGTGGACAGGGATGGTAGATGGATGGTACGGTTATCACCATCAAAATGAGCAGGGGTCAGGATATGCAGCCGAAATCTGAA-GAGCACACAAAATGCCATTGATTTAAG-ATTACCAACAAAGTAAATTCTGTTATTGAAAAGATGAATACACAGTTCACAGCAGTTGGTAAAGAGTTCAACCACCTTGAAAAAAGAATAGAGAATCTAAATAAAAAGGTTGATGATGGTTTCCTGGACGTTTGGACTTACAATGCCGAACTGCTGGTTCTACTGGAAAACGAAAGAACTTTGGACTATCATGATTCAAATGTGAAGAACTTGTATGAAAAAGTAAGAAACCAGTTAAAAAACAATGCTAAGGAAATTGGAAACGGCTGCTTTGAATTTTACCACAAATGCGACAACACATGCATGGAAAGTGTCAAGAATGGGACTTATGACTACCCAAAATACTCAGAGGAAGCAAAATTAAACAGAGAAAAAATAGATGGAGTAAAGCTGGACTCAACAAGGACTTACCAGATCCTGGCAATCTATTCAACTGTTGCCAGTTCATTGGTGCTGGTAGTCTCCCTGGGGGGGGCAATC--GTTTCTGGATGTGCTCCAATGGGTCTCTACAGTGTAGAATATGTATT', 'AGAGGCCTGTTTGGGGCGATAGCAGGGTTTATAGAGGGAGGATGGCAGGGAATGGTTGATGGTTGGTATGGGTACCATCATAGCAATGAGCAGGGGAGTGGGTACGCTGCAGA-CAAAGAAAATCCACCCAAAAGGCAATAGAT-GGAGGGTTACCAATAAGGTCAACTCAATCATTGACAAAATGAACACTCAATTTGAGGCAGTTGGAAGGGAGTTTAATAACTTAGAAAGGAGGATAGAGAATTTGAACAAGAAAATGGAAGACGGATTCCTAGATGTCTGGACCTATAATGCTGAACTTCTAGTTCTCATGGAAAACGAGAGGACTCTAGATTTCCATGATTCAAATGTCAAGAACCTTTACGACAAAGTCAGACTACAGCTTAGGGATAATGCAAAGGAGCTGGGTAATGGCTGTTTTGAATTCTATCACAAATGCGATGATGAATGTATGGAAAGTGTGAGAAATGGGACGTATGACTACCTTCAGTATTCAGAAGAAGCAAGATTAAAAAGAGAAGAAATAAGCGGAGTGAAATTAGAATCAATAGGAACTTACCAGATACTGTCAATTTATTCAACAGCGGCGAGTTCCCTAGCACTGGCAATCATGATGG--TGGTCTATCCCCTTTATGGATGTGCTCCAATGGGTCGTTACAGTGCAGAATTTGCATT')","(1664, 1700)",40.491901619676064,72.31222385861561
"H3N2_HA|PZ277928.1 Influenza A virus (A/Michigan/UM-10069698644/2026(H3N2)) segment 4 hemagglutinin (HA) gene, complete cds",65,59.8958,0.0,"('GGCTTCATCGAAGGGGGGTGGACAGGGATGGTAGATGGATGGTACGGTTATCACCATCAAAATGAGCAGGGGTCAGGATATGCAGCCGATCTGAAGAGCACACAA', 'GGCTTCATAGAAAATGGATGGGAGGGAATGGTGGATGGTTGGTACGGTTTCAGGCATCAAAATTCTGAGGGAAGAGGACAAGCAGCAGATCTCAAAAGCACTCAA')","(1124, 1160)",6.29874025194961,72.38095238095238
"H3N2_HA|PZ278016.1 Influenza A virus (A/Michigan/UM-10069690136/2026(H3N2)) segment 4 hemagglutinin (HA) gene, complete cds",63,58.0924,0.0,"('TGGGAAAAAGTAAGAAACCAGTTAAAAAA-CAATGCTAAGGAAATTGGAAACGGCTGCTTTGAATTTTACCACAAATGCGACAACACATGCATTTGGAAAAAA---GTCAAGAATGGGACTTATGACTAC', 'TG-AAAAAACAAAGAAACAACTGAGGGAAAAAATGCTGAGGATATGGGAAATGGTTGTTTCAAAATATACCACAAATGTGACAATGCCTGCAT-AGGA--CAAAAAATAAGAAATGAAACTTATGACCAC')","(1475, 1511)",7.558488302339532,68.46153846153847
"InfluenzaB_HA|PZ281125.1 Influenza B virus (B/Michigan/UM-HS26089/2026) segment 4 hemagglutinin (HA) gene, complete cds",59,54.4857,0.0,"('GCCATTGCTGGCTTCATCGAAGGGGGGTGGACAGGGATGGTAGATGGATGGTACGGTTAAATCAAAACCATTTTTTCAAAATGAGCAGGGGT---GG----TGCAGCCGATCTGAAGAGCACACAAAATGCCATTGATAAGATTACCAACAAAGTAAATTCTGTTATTGA', 'GCCATTGCTGGTTTCTTAGAGGGAGGATGGGAAGGAATGATTGCAGGTTGGCACGGGTA-CACA--CCCAT----GCACATGGAGTAGCGGTTTTTGGGGGGGCAGCCGACCTTAAGAGCACTCAAGAGGCCATAAACAAGATAACAAAAAATCTCAACTCTTTGAGTGA')","(1168, 1246)",9.778044391121776,65.29411764705883
